Eugène,Didier,Biarritz,France,2017,PHP
Benoît,Descamps,Biarritz,France,2017,PHP
Robert,Delorme,Biarritz,France,2017,PHP
Charlotte,Tanguy,Biarritz,France,2017,PHP
Dominique,Briand,Biarritz,France,2017,PHP
Dominique,Guyot,Biarritz,France,2017,PHP
Jérôme,Hoarau,Biarritz,France,2017,PHP
Martine,Bailly,Biarritz,France,2018,PHP
Timothée,Gaudin,Biarritz,France,2018,PHP
Agnès,Robin,Biarritz,France,2018,PHP
Noël,Marechal,Biarritz,France,2018,PHP
Christophe,Deschamps,Biarritz,France,2018,PHP
Susanne,Rousseau,Biarritz,France,2018,PHP
Laure,Gaudin,Biarritz,France,2019,PHP
Inès,Descamps,Biarritz,France,2019,PHP
Roger,Normand,Biarritz,France,2019,PHP
Élisabeth,Laporte,Biarritz,France,2019,PHP
Laurent,"Le Roux",Biarritz,France,2019,PHP
Zacharie,Lenoir,Bordeaux,France,2017,PHP
Charlotte,Bouvet,Bordeaux,France,2017,PHP
Dominique,Bourdon,Bordeaux,France,2017,PHP
Alphonse,Samson,Bordeaux,France,2017,PHP
Benjamin,Schmitt,Bordeaux,France,2017,PHP
Nath,Diallo,Bordeaux,France,2017,PHP
Louis,Camus,Bordeaux,France,2017,PHP
Thierry,Garcia,Bordeaux,France,2017,PHP
Nathalie,Paris,Bordeaux,France,2017,PHP
Emmanuelle,Hernandez,Bordeaux,France,2017,PHP
David,Leger,Bordeaux,France,2017,PHP
Frédérique,Moulin,Bordeaux,France,2018,PHP
Hélène,Vincent,Bordeaux,France,2018,PHP
David,Dupuis,Bordeaux,France,2018,PHP
Inès,Gimenez,Bordeaux,France,2018,PHP
Benjamin,Labbe,Bordeaux,France,2018,PHP
Éric,Pages,Bordeaux,France,2018,PHP
Thérèse,Charrier,Bordeaux,France,2018,PHP
Noël,Martin,Bordeaux,France,2018,PHP
Roland,Gros,Bordeaux,France,2018,PHP
Alexandrie,Costa,Bordeaux,France,2018,PHP
Emmanuel,Weiss,Bordeaux,France,2018,PHP
Théophile,Blanc,Bordeaux,France,2019,PHP
Julie,Charrier,Bordeaux,France,2019,PHP
Élodie,Moreau,Bordeaux,France,2019,PHP
Renée,Guilbert,Bordeaux,France,2019,PHP
Margot,Maillard,Bordeaux,France,2019,PHP
Eugène,Garnier,"La Loupe",France,2017,PHP
Louis,Brun,"La Loupe",France,2017,PHP
Marc,Lombard,"La Loupe",France,2017,PHP
Roger,Bonnet,"La Loupe",France,2017,PHP
Charlotte,Hubert,"La Loupe",France,2017,PHP
Bertrand,Gerard,"La Loupe",France,2017,PHP
Sabine,Cousin,"La Loupe",France,2017,PHP
Jacqueline,Cordier,"La Loupe",France,2018,PHP
Bertrand,Leveque,"La Loupe",France,2018,PHP
Aurélie,Dupuis,"La Loupe",France,2018,PHP
Patricia,Boyer,"La Loupe",France,2018,PHP
Raymond,Normand,"La Loupe",France,2018,PHP
Marie,Mahe,"La Loupe",France,2018,PHP
Camille,Marchal,"La Loupe",France,2018,PHP
David,Masson,"La Loupe",France,2018,PHP
Patricia,Courtois,"La Loupe",France,2018,PHP
Luc,Pires,"La Loupe",France,2018,PHP
Élise,Samson,"La Loupe",France,2018,PHP
Victoire,Wagner,"La Loupe",France,2019,PHP
Patricia,David,"La Loupe",France,2019,PHP
André,Joly,"La Loupe",France,2019,PHP
Laurent,Merle,"La Loupe",France,2019,PHP
Camille,Berger,"La Loupe",France,2019,PHP
Michèle,Chevalier,"La Loupe",France,2019,PHP
Rémy,Perret,"La Loupe",France,2019,PHP
Hortense,Guerin,"La Loupe",France,2019,PHP
Alphonse,Morvan,"La Loupe",France,2019,PHP
Benoît,Marty,"La Loupe",France,2019,PHP
Denis,Pottier,"La Loupe",France,2019,PHP
Thomas,"Le Roux",Lille,France,2017,PHP
Théodore,Barbe,Lille,France,2017,PHP
André,Guyon,Lille,France,2017,PHP
Robert,Bodin,Lille,France,2017,PHP
Michèle,"De Oliveira",Lille,France,2017,PHP
Robert,Dupuy,Lille,France,2017,PHP
Roger,Clerc,Lille,France,2017,PHP
Tristan,Renault,Lille,France,2017,PHP
Éric,Giraud,Lille,France,2017,PHP
Odette,Robert,Lille,France,2017,PHP
Rémy,Auger,Lille,France,2018,PHP
Adèle,Dupuy,Lille,France,2018,PHP
Capucine,Legrand,Lille,France,2018,PHP
Emmanuel,David,Lille,France,2018,PHP
Arthur,Vidal,Lille,France,2018,PHP
Tristan,Dumas,Lille,France,2018,PHP
Henri,Olivier,Lille,France,2018,PHP
Nathalie,Munoz,Lille,France,2018,PHP
William,Valette,Lille,France,2018,PHP
Hortense,Goncalves,Lille,France,2019,PHP
Nath,Remy,Lille,France,2019,PHP
Gabriel,Lelievre,Lille,France,2019,PHP
Auguste,Gillet,Lille,France,2019,PHP
Daniel,Lombard,Lille,France,2019,PHP
Xavier,Bazin,Lille,France,2019,PHP
Madeleine,Alexandre,Lyon,France,2017,PHP
Lucas,Navarro,Lyon,France,2017,PHP
Marcel,Meyer,Lyon,France,2017,PHP
Martin,Gregoire,Lyon,France,2017,PHP
Victor,Boyer,Lyon,France,2017,PHP
Patrick,Evrard,Lyon,France,2017,PHP
Laetitia,Leduc,Lyon,France,2017,PHP
Marguerite,Salmon,Lyon,France,2017,PHP
Robert,Thierry,Lyon,France,2017,PHP
Marguerite,Aubert,Lyon,France,2017,PHP
Marc,Leveque,Lyon,France,2017,PHP
Noémi,Schneider,Lyon,France,2017,PHP
Bertrand,Jacques,Lyon,France,2018,PHP
Noémi,Hamon,Lyon,France,2018,PHP
Corinne,Maury,Lyon,France,2018,PHP
Jacques,Payet,Lyon,France,2018,PHP
Eugène,Carpentier,Lyon,France,2018,PHP
Colette,Pinto,Lyon,France,2018,PHP
Olivie,Joly,Lyon,France,2018,PHP
Marcel,Royer,Lyon,France,2018,PHP
René,Moreau,Lyon,France,2019,PHP
Gérard,Boutin,Lyon,France,2019,PHP
Arnaude,Charpentier,Lyon,France,2019,PHP
Françoise,Normand,Lyon,France,2019,PHP
Honoré,Gerard,Lyon,France,2019,PHP
Émile,Michel,Lyon,France,2019,PHP
Julie,Allain,Lyon,France,2019,PHP
Yves,Herve,Lyon,France,2019,PHP
Caroline,Vaillant,Lyon,France,2019,PHP
Hélène,Bourgeois,Marseille,France,2017,PHP
Michelle,Riou,Marseille,France,2017,PHP
Gérard,Boulanger,Marseille,France,2017,PHP
Hugues,Lefevre,Marseille,France,2017,PHP
Thibault,Bazin,Marseille,France,2017,PHP
Honoré,Michel,Marseille,France,2017,PHP
Brigitte,Cousin,Marseille,France,2017,PHP
Pierre,Bonnin,Marseille,France,2017,PHP
Étienne,Lemonnier,Marseille,France,2017,PHP
Christophe,Boulay,Marseille,France,2017,PHP
Emmanuel,"De Sousa",Marseille,France,2018,PHP
Arnaude,Loiseau,Marseille,France,2018,PHP
Sylvie,Lemaitre,Marseille,France,2018,PHP
Théophile,Dupont,Marseille,France,2018,PHP
Yves,Gautier,Marseille,France,2018,PHP
Vincent,Hardy,Marseille,France,2018,PHP
Alain,Martinez,Marseille,France,2018,PHP
Philippine,Tessier,Marseille,France,2018,PHP
Margaux,Besson,Marseille,France,2019,PHP
Daniel,Joly,Marseille,France,2019,PHP
Sylvie,Duval,Marseille,France,2019,PHP
Margot,Gomez,Marseille,France,2019,PHP
Caroline,Moreno,Marseille,France,2019,PHP
Laure,Chretien,Marseille,France,2019,PHP
Benjamin,Gilbert,Marseille,France,2019,PHP
Maurice,Remy,Marseille,France,2019,PHP
Pauline,Valentin,Marseille,France,2019,PHP
Hugues,Dumont,Marseille,France,2019,PHP
Claudine,Couturier,Marseille,France,2019,PHP
Alix,Maillet,Nantes,France,2017,PHP
Catherine,Sauvage,Nantes,France,2017,PHP
Marianne,Evrard,Nantes,France,2017,PHP
Maryse,Jacques,Nantes,France,2017,PHP
Andrée,Pelletier,Nantes,France,2017,PHP
Gabrielle,Giraud,Nantes,France,2017,PHP
Luc,"Le Roux",Nantes,France,2017,PHP
Jules,Leclerc,Nantes,France,2017,PHP
Monique,Hoarau,Nantes,France,2017,PHP
Alice,Carpentier,Nantes,France,2018,PHP
Margot,Lesage,Nantes,France,2018,PHP
Denise,Voisin,Nantes,France,2018,PHP
Mathilde,Leroux,Nantes,France,2018,PHP
Patricia,Parent,Nantes,France,2018,PHP
Michel,Laine,Nantes,France,2018,PHP
Marguerite,Blanc,Nantes,France,2019,PHP
Élodie,Carlier,Nantes,France,2019,PHP
Grégoire,Coste,Nantes,France,2019,PHP
Victor,Toussaint,Nantes,France,2019,PHP
Alain,Boutin,Nantes,France,2019,PHP
Nathalie,Lopez,Nantes,France,2019,PHP
Nathalie,Hebert,Nantes,France,2019,PHP
Antoine,Delmas,Nantes,France,2019,PHP
Léon,Poirier,Nantes,France,2019,PHP
Bernard,Ledoux,Orleans,France,2017,PHP
Grégoire,Gaillard,Orleans,France,2017,PHP
Frédérique,Marchand,Orleans,France,2017,PHP
Alex,Mendes,Orleans,France,2017,PHP
Arthur,Paris,Orleans,France,2017,PHP
Claudine,Morin,Orleans,France,2017,PHP
Pénélope,Dupuis,Orleans,France,2017,PHP
Lucy,Devaux,Orleans,France,2018,PHP
Stéphanie,Briand,Orleans,France,2018,PHP
Arthur,Peron,Orleans,France,2018,PHP
Caroline,Marin,Orleans,France,2018,PHP
Lorraine,Rousseau,Orleans,France,2018,PHP
Franck,Leclerc,Orleans,France,2018,PHP
Marthe,Foucher,Orleans,France,2018,PHP
Franck,Giraud,Orleans,France,2018,PHP
Nicolas,Dubois,Orleans,France,2019,PHP
Jeanne,Gonzalez,Orleans,France,2019,PHP
Christine,Leclerc,Orleans,France,2019,PHP
Isabelle,Marin,Orleans,France,2019,PHP
Suzanne,Pages,Orleans,France,2019,PHP
Anaïs,Blondel,Orleans,France,2019,PHP
Maurice,Moreno,Orleans,France,2019,PHP
Capucine,Bertin,Paris,France,2017,PHP
Paul,Vidal,Paris,France,2017,PHP
Nicolas,Jacques,Paris,France,2017,PHP
Stéphane,Goncalves,Paris,France,2017,PHP
Agathe,Colin,Paris,France,2017,PHP
Adèle,Lefort,Paris,France,2017,PHP
Manon,Dufour,Paris,France,2017,PHP
Roland,Gauthier,Paris,France,2017,PHP
Nathalie,Simon,Paris,France,2018,PHP
Patrick,Leduc,Paris,France,2018,PHP
Christelle,Raynaud,Paris,France,2018,PHP
François,Klein,Paris,France,2018,PHP
Hélène,Bonneau,Paris,France,2018,PHP
Nathalie,Delahaye,Paris,France,2018,PHP
Arthur,Lemaire,Paris,France,2018,PHP
Denise,Levy,Paris,France,2019,PHP
Catherine,Nicolas,Paris,France,2019,PHP
Hortense,Vaillant,Paris,France,2019,PHP
Émile,Garcia,Paris,France,2019,PHP
Clémence,Traore,Paris,France,2019,PHP
Emmanuel,Petitjean,Reims,France,2017,PHP
Sylvie,David,Reims,France,2017,PHP
Sabine,Valentin,Reims,France,2017,PHP
Hugues,Marty,Reims,France,2017,PHP
Robert,Gerard,Reims,France,2017,PHP
Gilles,Imbert,Reims,France,2017,PHP
Alix,Bourgeois,Reims,France,2017,PHP
Édouard,"Da Costa",Reims,France,2017,PHP
Valentine,Charrier,Reims,France,2018,PHP
Jules,Lelievre,Reims,France,2018,PHP
Thibaut,Devaux,Reims,France,2018,PHP
Jacqueline,Teixeira,Reims,France,2018,PHP
Céline,Lefort,Reims,France,2018,PHP
Alain,Guillon,Reims,France,2018,PHP
Astrid,Gilles,Reims,France,2018,PHP
Victoire,Ramos,Reims,France,2018,PHP
Gilles,Petit,Reims,France,2018,PHP
Victoire,Grondin,Reims,France,2019,PHP
Simone,"De Sousa",Reims,France,2019,PHP
Raymond,Renaud,Reims,France,2019,PHP
Bertrand,Mary,Reims,France,2019,PHP
Jean,Pottier,Reims,France,2019,PHP
Philippe,Ribeiro,Reims,France,2019,PHP
Émile,Perret,Reims,France,2019,PHP
Paul,Lemoine,Strasbourg,France,2017,PHP
Suzanne,Roy,Strasbourg,France,2017,PHP
Luc,Bernier,Strasbourg,France,2017,PHP
Michelle,Carre,Strasbourg,France,2017,PHP
Michèle,Pottier,Strasbourg,France,2017,PHP
Élisabeth,Raymond,Strasbourg,France,2017,PHP
Arthur,Vidal,Strasbourg,France,2017,PHP
René,Devaux,Strasbourg,France,2017,PHP
Paul,Collin,Strasbourg,France,2017,PHP
Célina,Petit,Strasbourg,France,2017,PHP
Agathe,Bazin,Strasbourg,France,2017,PHP
Noël,Auger,Strasbourg,France,2017,PHP
Pauline,Albert,Strasbourg,France,2018,PHP
Roland,Brun,Strasbourg,France,2018,PHP
Sophie,Garcia,Strasbourg,France,2018,PHP
Marthe,Paris,Strasbourg,France,2018,PHP
Robert,Besnard,Strasbourg,France,2018,PHP
Sébastien,Normand,Strasbourg,France,2018,PHP
Alain,Ollivier,Strasbourg,France,2018,PHP
Nicolas,Marchand,Strasbourg,France,2018,PHP
Gilbert,Thierry,Strasbourg,France,2018,PHP
Louise,Guillot,Strasbourg,France,2018,PHP
Éric,Parent,Strasbourg,France,2018,PHP
Nicolas,Guyon,Strasbourg,France,2019,PHP
Manon,Clement,Strasbourg,France,2019,PHP
Émile,Dumas,Strasbourg,France,2019,PHP
Henri,Carlier,Strasbourg,France,2019,PHP
Dominique,"Da Silva",Strasbourg,France,2019,PHP
Yves,Blin,Strasbourg,France,2019,PHP
David,Dupuis,Strasbourg,France,2019,PHP
Alphonse,Dumont,Toulouse,France,2017,PHP
Alphonse,Fischer,Toulouse,France,2017,PHP
Julien,Ollivier,Toulouse,France,2017,PHP
Virginie,Gillet,Toulouse,France,2017,PHP
Anastasie,Boulanger,Toulouse,France,2017,PHP
Léon,Jacques,Toulouse,France,2017,PHP
Josette,Martin,Toulouse,France,2018,PHP
Michelle,Texier,Toulouse,France,2018,PHP
Adrienne,Gallet,Toulouse,France,2018,PHP
Noël,Meunier,Toulouse,France,2018,PHP
Manon,Turpin,Toulouse,France,2018,PHP
Matthieu,Gaudin,Toulouse,France,2018,PHP
Adrien,Pineau,Toulouse,France,2018,PHP
Raymond,Perret,Toulouse,France,2018,PHP
Noémi,Carre,Toulouse,France,2018,PHP
Isabelle,Pires,Toulouse,France,2018,PHP
Susanne,Lucas,Toulouse,France,2019,PHP
Roger,Garcia,Toulouse,France,2019,PHP
Isaac,Martineau,Toulouse,France,2019,PHP
Éléonore,Laroche,Toulouse,France,2019,PHP
Marguerite,Bertin,Toulouse,France,2019,PHP
Odette,Carlier,Toulouse,France,2019,PHP
Joseph,Rodriguez,Toulouse,France,2019,PHP
Camille,Raymond,Toulouse,France,2019,PHP
Anastasie,Roux,Toulouse,France,2019,PHP
Richard,Rodrigues,Toulouse,France,2019,PHP
Gabriel,Fabre,Tours,France,2017,PHP
Rémy,Fontaine,Tours,France,2017,PHP
François,Dupont,Tours,France,2017,PHP
Emmanuelle,Olivier,Tours,France,2017,PHP
Laure,Costa,Tours,France,2017,PHP
Éric,Faure,Tours,France,2018,PHP
Paulette,"Le Roux",Tours,France,2018,PHP
Nicole,Marion,Tours,France,2018,PHP
Auguste,Riou,Tours,France,2018,PHP
Alexandre,Auger,Tours,France,2018,PHP
Maggie,Riou,Tours,France,2018,PHP
Émile,Perez,Tours,France,2018,PHP
Victor,Ferrand,Tours,France,2018,PHP
Julie,Perez,Tours,France,2019,PHP
Zoé,Vasseur,Tours,France,2019,PHP
Anaïs,Lebon,Tours,France,2019,PHP
Henri,Riviere,Tours,France,2019,PHP
Françoise,Godard,Tours,France,2019,PHP
Miroslav,Wolter,Berlin,Germany,2017,PHP
Siegfried,Reuter,Berlin,Germany,2017,PHP
Hildegard,Michels,Berlin,Germany,2017,PHP
Tim,Heinemann,Berlin,Germany,2017,PHP
Swen,Horn,Berlin,Germany,2017,PHP
Mona,Zander,Berlin,Germany,2017,PHP
Pietro,Wilke,Berlin,Germany,2017,PHP
Eckart,Steffens,Berlin,Germany,2017,PHP
Diethard,Siebert,Berlin,Germany,2018,PHP
Arno,Herrmann,Berlin,Germany,2018,PHP
Beatrice,Huber,Berlin,Germany,2018,PHP
Liselotte,Fuhrmann,Berlin,Germany,2018,PHP
Achim,Sturm,Berlin,Germany,2018,PHP
Christin,Rupp,Berlin,Germany,2018,PHP
Christl,Walther,Berlin,Germany,2018,PHP
Ralf,Heinemann,Berlin,Germany,2018,PHP
Henrik,Stark,Berlin,Germany,2018,PHP
Swetlana,Dietz,Berlin,Germany,2018,PHP
Mehmet,Merkel,Berlin,Germany,2018,PHP
Lukas,Reimann,Berlin,Germany,2018,PHP
Dörte,Hoppe,Berlin,Germany,2018,PHP
Carolin,Baum,Berlin,Germany,2018,PHP
Nikola,Bischoff,Berlin,Germany,2019,PHP
Wolf-Dieter,Kessler,Berlin,Germany,2019,PHP
Hermine,Albers,Berlin,Germany,2019,PHP
Leonore,Schütze,Berlin,Germany,2019,PHP
Ria,Krauß,Berlin,Germany,2019,PHP
Paula,Reimer,Berlin,Germany,2019,PHP
Roger,Strobel,Berlin,Germany,2019,PHP
Silvio,Wilhelm,Berlin,Germany,2019,PHP
Alexandre,Collard,Brussels,Belgium,2017,PHP
Victoria,Etienne,Brussels,Belgium,2017,PHP
Femke,"Van den Broeck",Brussels,Belgium,2017,PHP
Fleur,Gilles,Brussels,Belgium,2017,PHP
Juliette,Nijs,Brussels,Belgium,2017,PHP
Simon,Geerts,Brussels,Belgium,2017,PHP
Tom,Smet,Brussels,Belgium,2017,PHP
Julien,Claeys,Brussels,Belgium,2017,PHP
Julien,Janssen,Brussels,Belgium,2018,PHP
Jade,Michaux,Brussels,Belgium,2018,PHP
Tuur,Delvaux,Brussels,Belgium,2018,PHP
Mathéo,Bodart,Brussels,Belgium,2018,PHP
Yana,Michaux,Brussels,Belgium,2018,PHP
Gilles,"Van de Velde",Brussels,Belgium,2018,PHP
Sander,Roels,Brussels,Belgium,2018,PHP
Dylan,Wauters,Brussels,Belgium,2019,PHP
Lina,Hendrickx,Brussels,Belgium,2019,PHP
Eva,Christiaens,Brussels,Belgium,2019,PHP
Lena,Vermeiren,Brussels,Belgium,2019,PHP
Charlotte,Verstraete,Brussels,Belgium,2019,PHP
Finn,Lecocq,Brussels,Belgium,2019,PHP
Raphaël,Piron,Brussels,Belgium,2019,PHP
Chloé,Delfosse,Brussels,Belgium,2019,PHP
Luca,Descamps,Brussels,Belgium,2019,PHP
Paul,Dan,Bucharest,Romania,2017,PHP
Evanghelina,Nagy,Bucharest,Romania,2017,PHP
Eremia,Dumitrascu,Bucharest,Romania,2017,PHP
Amalia,Marian,Bucharest,Romania,2017,PHP
Ghiță,Achim,Bucharest,Romania,2017,PHP
Ortansa,Ispas,Bucharest,Romania,2017,PHP
Daiana,Grigorescu,Bucharest,Romania,2017,PHP
Geta,Dumitrascu,Bucharest,Romania,2017,PHP
Olimpian,Voicu,Bucharest,Romania,2018,PHP
Claudiu,Miron,Bucharest,Romania,2018,PHP
Cristina,Banu,Bucharest,Romania,2018,PHP
Ioan,Niculescu,Bucharest,Romania,2018,PHP
Casiana,Stoica,Bucharest,Romania,2018,PHP
Bogdana,Achim,Bucharest,Romania,2018,PHP
Adelaida,Cosma,Bucharest,Romania,2019,PHP
Carmen,Petcu,Bucharest,Romania,2019,PHP
Nora,Moraru,Bucharest,Romania,2019,PHP
Zaraza,Lazar,Bucharest,Romania,2019,PHP
Tudor,Florea,Bucharest,Romania,2019,PHP
Xenia,Man,Bucharest,Romania,2019,PHP
Nora,Marin,Bucharest,Romania,2019,PHP
Rafila,Crisan,Bucharest,Romania,2019,PHP
Verónica,Pereira,Lisbon,Portugal,2017,PHP
Rita,Alves,Lisbon,Portugal,2017,PHP
Mateus,Antunes,Lisbon,Portugal,2017,PHP
Matheus,Vieira,Lisbon,Portugal,2017,PHP
Jorge,Abreu,Lisbon,Portugal,2018,PHP
Carlota,Gaspar,Lisbon,Portugal,2018,PHP
Vítor,Leite,Lisbon,Portugal,2018,PHP
Emanuel,Esteves,Lisbon,Portugal,2018,PHP
Vasco,Ferreira,Lisbon,Portugal,2018,PHP
Victória,Gaspar,Lisbon,Portugal,2018,PHP
Lara,Melo,Lisbon,Portugal,2018,PHP
Bárbara,Gomes,Lisbon,Portugal,2019,PHP
Eva,Tavares,Lisbon,Portugal,2019,PHP
Gil,Matos,Lisbon,Portugal,2019,PHP
Marta,Carneiro,Lisbon,Portugal,2019,PHP
Eva,Lopes,Lisbon,Portugal,2019,PHP
Vicente,Neves,Lisbon,Portugal,2019,PHP
Maiya,Stiedemann,London,"United Kingdom",2017,PHP
Jeffry,Roob,London,"United Kingdom",2017,PHP
Abbie,Koch,London,"United Kingdom",2017,PHP
Janet,White,London,"United Kingdom",2017,PHP
Carli,Reichel,London,"United Kingdom",2017,PHP
Shyann,Rath,London,"United Kingdom",2018,PHP
Carroll,Hill,London,"United Kingdom",2018,PHP
Clifton,Bahringer,London,"United Kingdom",2018,PHP
Johann,Hudson,London,"United Kingdom",2018,PHP
Wilmer,Sanford,London,"United Kingdom",2018,PHP
Alexandro,Hintz,London,"United Kingdom",2018,PHP
Mckenzie,Hansen,London,"United Kingdom",2018,PHP
Bernadette,Leannon,London,"United Kingdom",2018,PHP
Perry,Labadie,London,"United Kingdom",2018,PHP
Mitchell,Walker,London,"United Kingdom",2019,PHP
Jeffery,Tremblay,London,"United Kingdom",2019,PHP
Vena,Kunde,London,"United Kingdom",2019,PHP
Gerda,King,London,"United Kingdom",2019,PHP
Manley,Rempel,London,"United Kingdom",2019,PHP
Stefan,Bauch,London,"United Kingdom",2019,PHP
Joseph,Terry,London,"United Kingdom",2019,PHP
Virginie,Brakus,London,"United Kingdom",2019,PHP
María,Vergara,Madrid,Spain,2017,PHP
Adriana,Noriega,Madrid,Spain,2017,PHP
Ian,Roldán,Madrid,Spain,2017,PHP
Sara,Mateos,Madrid,Spain,2017,PHP
Alonso,Pedroza,Madrid,Spain,2017,PHP
Mario,Villalobos,Madrid,Spain,2017,PHP
Africa,Verdugo,Madrid,Spain,2017,PHP
Rayan,Roldán,Madrid,Spain,2017,PHP
Carlota,Batista,Madrid,Spain,2018,PHP
Álvaro,Arguello,Madrid,Spain,2018,PHP
Eric,Saldaña,Madrid,Spain,2018,PHP
Marina,Saldivar,Madrid,Spain,2018,PHP
Juan,Vargas,Madrid,Spain,2018,PHP
Inés,Saavedra,Madrid,Spain,2018,PHP
Leyre,Quiñones,Madrid,Spain,2018,PHP
"Francisco Javier",Cuesta,Madrid,Spain,2018,PHP
Irene,Pacheco,Madrid,Spain,2018,PHP
Anna,Lorente,Madrid,Spain,2018,PHP
Cristian,Ocampo,Madrid,Spain,2018,PHP
Guillermo,Delapaz,Madrid,Spain,2019,PHP
Angela,Lorenzo,Madrid,Spain,2019,PHP
Rafael,Toledo,Madrid,Spain,2019,PHP
Sofía,Mascareñas,Madrid,Spain,2019,PHP
Víctor,Véliz,Madrid,Spain,2019,PHP
Nora,Alfonso,Madrid,Spain,2019,PHP
Mireia,Delatorre,Madrid,Spain,2019,PHP
David,Vergara,Madrid,Spain,2019,PHP
